{"initial_reset_timestamp": 1592006592.529176, "timestamps": [1592006597.0444987, 1592006601.9607782, 1592006607.326826, 1592006646.7295184, 1592006657.1616006, 1592006662.628881, 1592006666.7468982, 1592006680.912786, 1592006684.6292326, 1592006688.3125968], "episode_lengths": [245, 292, 229, 446, 322, 324, 244, 847, 221, 219], "episode_rewards": [248.42171793381618, 251.34363255731756, 264.9811169920248, 238.3455584670092, 257.0671055839681, 261.7219405021548, 233.5013859242752, 192.0214697685835, 268.1566580331762, 248.1199239065389], "episode_types": ["t", "t", "t", "t", "t", "t", "t", "t", "t", "t"]}