{"initial_reset_timestamp": 1591998688.102308, "timestamps": [1591998698.0363204, 1591998704.7360475, 1591998707.5348535, 1591998730.097328, 1591998772.5737884, 1591998807.0189028, 1591998827.5484421, 1591998834.6969237, 1591998843.3622243, 1591998850.6609054], "episode_lengths": [572, 401, 145, 414, 366, 485, 805, 428, 519, 437], "episode_rewards": [229.15963130580252, -21.52589990147142, -56.74167782441995, 204.37621891440457, -36.77985204385148, 163.78569719725385, 180.2571175705948, 216.60312907480878, 199.40534789923956, 173.48852316002973], "episode_types": ["t", "t", "t", "t", "t", "t", "t", "t", "t", "t"]}