{"initial_reset_timestamp": 1592005943.7670362, "timestamps": [1592005946.7462354, 1592005949.1794086, 1592005950.545619, 1592005951.9792526, 1592005954.2297752, 1592005956.9798136, 1592005959.3298173, 1592005961.913302, 1592005963.9299264, 1592005966.046426], "episode_lengths": [149, 139, 79, 83, 132, 160, 137, 151, 118, 124], "episode_rewards": [9.630975396385168, 31.204709038469133, -46.314454442923626, -44.82160949398142, -23.221380776630255, 15.277023039652647, 22.59643310123832, -7.692141242407743, -30.526215080712603, -32.951968192176636], "episode_types": ["t", "t", "t", "t", "t", "t", "t", "t", "t", "t"]}