{"initial_reset_timestamp": 1591998951.3026009, "timestamps": [1591998954.7433746, 1591998959.0594678, 1591998969.9907694, 1591998983.5047116, 1591999002.1192193, 1591999011.6713257, 1591999023.666886, 1591999033.8748984, 1591999047.795173, 1591999066.0373726], "episode_lengths": [182, 257, 428, 243, 469, 244, 304, 267, 352, 463], "episode_rewards": [-2.5738131193298557, 38.00484583908275, 227.83263300604324, -21.559639961410355, 244.2685970305877, 39.636002387451924, -9.47163719995261, -40.02568038498546, -36.258286753472674, 242.54558892642996], "episode_types": ["t", "t", "t", "t", "t", "t", "t", "t", "t", "t"]}