{"initial_reset_timestamp": 1591998903.7140713, "timestamps": [1591998905.1512852, 1591998906.4680345, 1591998907.6675756, 1591998909.2177167, 1591998910.3344996, 1591998911.3009918, 1591998912.8672054, 1591998914.1005507, 1591998926.331926, 1591998927.548051], "episode_lengths": [63, 77, 69, 91, 65, 56, 92, 72, 77, 63], "episode_rewards": [-119.42905636746781, -114.7449020782747, -152.64746199906304, -156.65488345904515, -132.18240147171744, -137.04072437502262, -183.033793638806, -118.91942632047795, -166.8541669298076, -132.54073119711927], "episode_types": ["t", "t", "t", "t", "t", "t", "t", "t", "t", "t"]}