{"initial_reset_timestamp": 1592006498.0804987, "timestamps": [1592006499.9750721, 1592006501.858447, 1592006504.9088125, 1592006517.27527, 1592006528.5255716, 1592006539.0595098, 1592006547.0426424, 1592006550.9091396, 1592006558.7431846, 1592006566.743239], "episode_lengths": [88, 109, 180, 738, 672, 630, 476, 229, 467, 476], "episode_rewards": [45.9841620299496, -33.8037936604164, -106.53146525838602, 176.21641566859165, 210.9012760747066, 211.59113594802784, 204.3528908785522, 256.19266052881966, 252.0845446769544, 233.72862339914116], "episode_types": ["t", "t", "t", "t", "t", "t", "t", "t", "t", "t"]}